{
  "planets": [
    {
      "id": 1,
      "mass": 1.989E30,
      "radius": 695508,
      "position": {
        "x": 0.0,
        "y": 0.0
      },
      "velocity": {
        "x": 0.0,
        "y": 0.0
      },
      "acceleration": {
        "x": 0.0,
        "y": 0.0
      }
    },
    {
      "id": 2,
      "mass": 5.972E24,
      "radius": 6371,
      "position": {
        "x": 1.439499338063904E+08,
        "y": -4.501039010586976E+07
      },
      "velocity": {
        "x": 8.415311788888911E+00,
        "y": 2.831597743867901E+01
      },
      "acceleration": {
        "x": 0.0,
        "y": 0.0
      }
    },
    {
      "id": 3,
      "mass": 1.898E27,
      "radius": 69911,
      "position": {
        "x": 1.058409319749973E+08,
        "y": 7.551533616543298E+08
      },
      "velocity": {
        "x": -1.310553498751214E+01,
        "y": 2.424702557330317E+00
      },
      "acceleration": {
        "x": 0.0,
        "y": 0.0
      }
    },
    {
      "id": 4,
      "mass": 5.683E26,
      "radius": 58232,
      "position": {
        "x": -1.075592980165280E+09,
        "y": 8.544801191238763E+08
      },
      "velocity": {
        "x": -6.541480412587013E+00,
        "y": -7.590568168145934E+00
      },
      "acceleration": {
        "x": 0.0,
        "y": 0.0
      }
    }
  ],
  "spaceShip": {
    "id": 0,
    "mass": 721.9,
    "radius": 0.5,
    "height": 1.0,
    "position": {
      "x": 5.0,
      "y": 5.0
    },
    "velocity": {
      "x": 3.0,
      "y": 5.0
    },
    "acceleration": {
      "x": 0.0,
      "y": 0.0
    }
  }
}